{
  "scaler_mean": 1517.7865343333333,
  "scaler_std": 1994.5782387164038,
  "best_val_loss": 0.3441126260318254,
  "num_samples": 3000,
  "train_losses": [
    0.3542183176676432,
    0.34328170915444695,
    0.3335855786005656,
    0.3310472547014554,
    0.33114680101474125,
    0.3303949193159739,
    0.3271774975458781,
    0.3254124088088671,
    0.3238807480533918,
    0.32405480364958444,
    0.3194309703509013,
    0.3188826977213224,
    0.3182844516634941,
    0.31938436766465506,
    0.3101860870917638,
    0.31449271738529205,
    0.30811222245295844,
    0.3061642976601919,
    0.30172380854686104
  ],
  "val_losses": [
    0.3609815835952759,
    0.3500964327862388,
    0.3449637897704777,
    0.347289472034103,
    0.3456438066143739,
    0.34558350083075073,
    0.3449090923133649,
    0.3548528073649657,
    0.3441126260318254,
    0.3499117838708978,
    0.3469053200985256,
    0.3501114892332177,
    0.350035633695753,
    0.3538616354528226,
    0.3904161092482115,
    0.3613379785889073,
    0.35275278985500336,
    0.36016567208265005,
    0.39439468791610316
  ],
  "epochs_trained": 19
}